<?xml version="1.0" encoding="UTF-8"?>
<!DOCTYPE plist PUBLIC "-//Apple//DTD PLIST 1.0//EN" "http://www.apple.com/DTDs/PropertyList-1.0.dtd">
<plist version="1.0">
<dict>
	<key>64Bit</key>
	<integer>3</integer>
	<key>AccessibilityLanguages</key>
	<array>
		<string>fr-CA</string>
		<string>nl-BE</string>
		<string>en-US</string>
		<string>en-GB</string>
		<string>en-UK</string>
		<string>en-AU</string>
		<string>pt-BR</string>
		<string>es-MX</string>
		<string>zh-Hans</string>
		<string>zh-Hant</string>
		<string>pt-PT</string>
		<string>nb</string>
		<string>ms</string>
		<string>zh</string>
		<string>cs</string>
		<string>da</string>
		<string>nl</string>
		<string>en</string>
		<string>fi</string>
		<string>fr</string>
		<string>de</string>
		<string>el</string>
		<string>hi</string>
		<string>hu</string>
		<string>id</string>
		<string>it</string>
		<string>ja</string>
		<string>ko</string>
		<string>no</string>
		<string>pl</string>
		<string>pt</string>
		<string>ro</string>
		<string>ru</string>
		<string>sk</string>
		<string>es</string>
		<string>sv</string>
		<string>th</string>
		<string>tr</string>
		<string>ar</string>
	</array>
	<key>AlbumArt</key>
	<array>
		<string>3005</string>
		<dict>
			<key>AlignRowBytes</key>
			<true/>
			<key>BackColor</key>
			<string>00000000</string>
			<key>ColorAdjustment</key>
			<integer>0</integer>
			<key>Crop</key>
			<false/>
			<key>FormatId</key>
			<integer>3005</integer>
			<key>GammaAdjustment</key>
			<real>2.2000000000000002</real>
			<key>Interlaced</key>
			<false/>
			<key>OffsetAlignment</key>
			<integer>4096</integer>
			<key>PixelFormat</key>
			<string>4C353535</string>
			<key>RenderHeight</key>
			<integer>320</integer>
			<key>RenderWidth</key>
			<integer>320</integer>
			<key>RowBytesAlignment</key>
			<integer>16</integer>
			<key>Sizing</key>
			<integer>1</integer>
		</dict>
		<string>3013</string>
		<dict>
			<key>BackColor</key>
			<string>FF000000</string>
			<key>ColorAdjustment</key>
			<integer>0</integer>
			<key>Crop</key>
			<false/>
			<key>FormatId</key>
			<integer>3013</integer>
			<key>GammaAdjustment</key>
			<real>2.2000000000000002</real>
			<key>Interlaced</key>
			<false/>
			<key>PixelFormat</key>
			<string>6A706567</string>
			<key>Quality</key>
			<string>00000300</string>
			<key>RenderHeight</key>
			<integer>768</integer>
			<key>RenderWidth</key>
			<integer>768</integer>
			<key>RowBytesAlignment</key>
			<integer>16</integer>
			<key>Sizing</key>
			<integer>1</integer>
		</dict>
		<string>3006</string>
		<dict>
			<key>AlignRowBytes</key>
			<true/>
			<key>BackColor</key>
			<string>FFFFFFFF</string>
			<key>ColorAdjustment</key>
			<integer>0</integer>
			<key>Crop</key>
			<false/>
			<key>ExcludedFormats</key>
			<integer>20</integer>
			<key>FormatId</key>
			<integer>3006</integer>
			<key>GammaAdjustment</key>
			<real>2.2000000000000002</real>
			<key>Interlaced</key>
			<false/>
			<key>OffsetAlignment</key>
			<integer>4096</integer>
			<key>PixelFormat</key>
			<string>4C353535</string>
			<key>RenderHeight</key>
			<integer>55</integer>
			<key>RenderWidth</key>
			<integer>55</integer>
			<key>RowBytesAlignment</key>
			<integer>16</integer>
			<key>Sizing</key>
			<integer>1</integer>
		</dict>
		<string>3007</string>
		<dict>
			<key>AlignRowBytes</key>
			<true/>
			<key>BackColor</key>
			<string>00000000</string>
			<key>ColorAdjustment</key>
			<integer>0</integer>
			<key>Crop</key>
			<false/>
			<key>FormatId</key>
			<integer>3007</integer>
			<key>GammaAdjustment</key>
			<real>2.2000000000000002</real>
			<key>Interlaced</key>
			<false/>
			<key>OffsetAlignment</key>
			<integer>4096</integer>
			<key>PixelFormat</key>
			<string>4C353535</string>
			<key>RenderHeight</key>
			<integer>88</integer>
			<key>RenderWidth</key>
			<integer>88</integer>
			<key>RowBytesAlignment</key>
			<integer>16</integer>
			<key>Sizing</key>
			<integer>2</integer>
		</dict>
		<string>3001</string>
		<dict>
			<key>AlignRowBytes</key>
			<true/>
			<key>BackColor</key>
			<string>00000000</string>
			<key>BottomInset</key>
			<integer>1</integer>
			<key>ColorAdjustment</key>
			<integer>0</integer>
			<key>Crop</key>
			<false/>
			<key>ExcludedFormats</key>
			<integer>20</integer>
			<key>FormatId</key>
			<integer>3001</integer>
			<key>GammaAdjustment</key>
			<real>2.2000000000000002</real>
			<key>Interlaced</key>
			<false/>
			<key>LeftInset</key>
			<integer>1</integer>
			<key>OffsetAlignment</key>
			<integer>4096</integer>
			<key>PixelFormat</key>
			<string>4C353535</string>
			<key>PixelOrder</key>
			<integer>1</integer>
			<key>RenderHeight</key>
			<integer>256</integer>
			<key>RenderWidth</key>
			<integer>256</integer>
			<key>RightInset</key>
			<integer>1</integer>
			<key>RowBytesAlignment</key>
			<integer>16</integer>
			<key>Sizing</key>
			<integer>1</integer>
			<key>TopInset</key>
			<integer>1</integer>
		</dict>
		<string>3002</string>
		<dict>
			<key>AlignRowBytes</key>
			<true/>
			<key>BackColor</key>
			<string>00000000</string>
			<key>BottomInset</key>
			<integer>1</integer>
			<key>ColorAdjustment</key>
			<integer>0</integer>
			<key>Crop</key>
			<false/>
			<key>ExcludedFormats</key>
			<integer>20</integer>
			<key>FormatId</key>
			<integer>3002</integer>
			<key>GammaAdjustment</key>
			<real>2.2000000000000002</real>
			<key>Interlaced</key>
			<false/>
			<key>LeftInset</key>
			<integer>1</integer>
			<key>OffsetAlignment</key>
			<integer>4096</integer>
			<key>PixelFormat</key>
			<string>4C353535</string>
			<key>PixelOrder</key>
			<integer>1</integer>
			<key>RenderHeight</key>
			<integer>128</integer>
			<key>RenderWidth</key>
			<integer>128</integer>
			<key>RightInset</key>
			<integer>1</integer>
			<key>RowBytesAlignment</key>
			<integer>16</integer>
			<key>Sizing</key>
			<integer>1</integer>
			<key>TopInset</key>
			<integer>1</integer>
		</dict>
		<string>3018</string>
		<dict>
			<key>AlignRowBytes</key>
			<true/>
			<key>BackColor</key>
			<string>00000000</string>
			<key>ColorAdjustment</key>
			<integer>0</integer>
			<key>Crop</key>
			<false/>
			<key>FormatId</key>
			<integer>3018</integer>
			<key>GammaAdjustment</key>
			<real>2.2000000000000002</real>
			<key>Interlaced</key>
			<false/>
			<key>OffsetAlignment</key>
			<integer>4096</integer>
			<key>PixelFormat</key>
			<string>4C353535</string>
			<key>RenderHeight</key>
			<integer>300</integer>
			<key>RenderWidth</key>
			<integer>200</integer>
			<key>RowBytesAlignment</key>
			<integer>16</integer>
			<key>Sizing</key>
			<integer>2</integer>
		</dict>
		<string>3019</string>
		<dict>
			<key>AssociatedFormat</key>
			<integer>1282</integer>
			<key>BackColor</key>
			<string>00000000</string>
			<key>ColorAdjustment</key>
			<integer>0</integer>
			<key>Crop</key>
			<false/>
			<key>FormatId</key>
			<integer>3019</integer>
			<key>GammaAdjustment</key>
			<real>2.2000000000000002</real>
			<key>Interlaced</key>
			<false/>
			<key>OriginalHeight</key>
			<integer>768</integer>
			<key>OriginalWidth</key>
			<integer>768</integer>
			<key>PixelFormat</key>
			<string>6A706567</string>
			<key>Quality</key>
			<string>00000300</string>
			<key>RenderHeight</key>
			<integer>768</integer>
			<key>RenderWidth</key>
			<integer>512</integer>
			<key>RowBytesAlignment</key>
			<integer>16</integer>
			<key>Sizing</key>
			<integer>2</integer>
		</dict>
		<string>3020</string>
		<dict>
			<key>AlignRowBytes</key>
			<true/>
			<key>BackColor</key>
			<string>00000000</string>
			<key>ColorAdjustment</key>
			<integer>0</integer>
			<key>Crop</key>
			<false/>
			<key>FormatId</key>
			<integer>3020</integer>
			<key>GammaAdjustment</key>
			<real>2.2000000000000002</real>
			<key>Interlaced</key>
			<false/>
			<key>OffsetAlignment</key>
			<integer>4096</integer>
			<key>PixelFormat</key>
			<string>4C353535</string>
			<key>RenderHeight</key>
			<integer>128</integer>
			<key>RenderWidth</key>
			<integer>128</integer>
			<key>RowBytesAlignment</key>
			<integer>16</integer>
			<key>Sizing</key>
			<integer>1</integer>
		</dict>
		<string>3021</string>
		<dict>
			<key>AssociatedFormat</key>
			<integer>1282</integer>
			<key>BackColor</key>
			<string>00000000</string>
			<key>ColorAdjustment</key>
			<integer>0</integer>
			<key>Crop</key>
			<false/>
			<key>FormatId</key>
			<integer>3021</integer>
			<key>GammaAdjustment</key>
			<real>2.2000000000000002</real>
			<key>Interlaced</key>
			<false/>
			<key>OriginalHeight</key>
			<integer>768</integer>
			<key>OriginalWidth</key>
			<integer>768</integer>
			<key>PixelFormat</key>
			<string>6A706567</string>
			<key>Quality</key>
			<string>00000300</string>
			<key>RenderHeight</key>
			<integer>300</integer>
			<key>RenderWidth</key>
			<integer>200</integer>
			<key>RowBytesAlignment</key>
			<integer>16</integer>
			<key>Sizing</key>
			<integer>2</integer>
		</dict>
		<string>3101</string>
		<dict>
			<key>AlignRowBytes</key>
			<true/>
			<key>BackColor</key>
			<string>00000000</string>
			<key>BottomInset</key>
			<integer>1</integer>
			<key>ColorAdjustment</key>
			<integer>0</integer>
			<key>Crop</key>
			<false/>
			<key>ExcludedFormats</key>
			<integer>20</integer>
			<key>FormatId</key>
			<integer>3101</integer>
			<key>GammaAdjustment</key>
			<real>2.2000000000000002</real>
			<key>Interlaced</key>
			<false/>
			<key>LeftInset</key>
			<integer>1</integer>
			<key>OffsetAlignment</key>
			<integer>4096</integer>
			<key>PixelFormat</key>
			<string>4C353535</string>
			<key>PixelOrder</key>
			<integer>1</integer>
			<key>RenderHeight</key>
			<integer>512</integer>
			<key>RenderWidth</key>
			<integer>512</integer>
			<key>RightInset</key>
			<integer>1</integer>
			<key>RowBytesAlignment</key>
			<integer>16</integer>
			<key>Sizing</key>
			<integer>1</integer>
			<key>TopInset</key>
			<integer>1</integer>
		</dict>
		<string>3102</string>
		<dict>
			<key>AlignRowBytes</key>
			<true/>
			<key>BackColor</key>
			<string>00000000</string>
			<key>BottomInset</key>
			<integer>1</integer>
			<key>ColorAdjustment</key>
			<integer>0</integer>
			<key>Crop</key>
			<false/>
			<key>ExcludedFormats</key>
			<integer>20</integer>
			<key>FormatId</key>
			<integer>3102</integer>
			<key>GammaAdjustment</key>
			<real>2.2000000000000002</real>
			<key>Interlaced</key>
			<false/>
			<key>LeftInset</key>
			<integer>1</integer>
			<key>OffsetAlignment</key>
			<integer>4096</integer>
			<key>PixelFormat</key>
			<string>4C353535</string>
			<key>PixelOrder</key>
			<integer>1</integer>
			<key>RenderHeight</key>
			<integer>256</integer>
			<key>RenderWidth</key>
			<integer>256</integer>
			<key>RightInset</key>
			<integer>1</integer>
			<key>RowBytesAlignment</key>
			<integer>16</integer>
			<key>Sizing</key>
			<integer>1</integer>
			<key>TopInset</key>
			<integer>1</integer>
		</dict>
		<string>3105</string>
		<dict>
			<key>AlignRowBytes</key>
			<true/>
			<key>BackColor</key>
			<string>00000000</string>
			<key>ColorAdjustment</key>
			<integer>0</integer>
			<key>Crop</key>
			<false/>
			<key>FormatId</key>
			<integer>3105</integer>
			<key>GammaAdjustment</key>
			<real>2.2000000000000002</real>
			<key>Interlaced</key>
			<false/>
			<key>OffsetAlignment</key>
			<integer>4096</integer>
			<key>PixelFormat</key>
			<string>4C353535</string>
			<key>RenderHeight</key>
			<integer>640</integer>
			<key>RenderWidth</key>
			<integer>640</integer>
			<key>RowBytesAlignment</key>
			<integer>16</integer>
			<key>Sizing</key>
			<integer>1</integer>
		</dict>
		<string>3106</string>
		<dict>
			<key>AlignRowBytes</key>
			<true/>
			<key>BackColor</key>
			<string>FFFFFFFF</string>
			<key>ColorAdjustment</key>
			<integer>0</integer>
			<key>Crop</key>
			<false/>
			<key>ExcludedFormats</key>
			<integer>20</integer>
			<key>FormatId</key>
			<integer>3106</integer>
			<key>GammaAdjustment</key>
			<real>2.2000000000000002</real>
			<key>Interlaced</key>
			<false/>
			<key>OffsetAlignment</key>
			<integer>4096</integer>
			<key>PixelFormat</key>
			<string>4C353535</string>
			<key>RenderHeight</key>
			<integer>110</integer>
			<key>RenderWidth</key>
			<integer>110</integer>
			<key>RowBytesAlignment</key>
			<integer>16</integer>
			<key>Sizing</key>
			<integer>1</integer>
		</dict>
		<string>3107</string>
		<dict>
			<key>AlignRowBytes</key>
			<true/>
			<key>BackColor</key>
			<string>00000000</string>
			<key>ColorAdjustment</key>
			<integer>0</integer>
			<key>Crop</key>
			<false/>
			<key>FormatId</key>
			<integer>3107</integer>
			<key>GammaAdjustment</key>
			<real>2.2000000000000002</real>
			<key>Interlaced</key>
			<false/>
			<key>OffsetAlignment</key>
			<integer>4096</integer>
			<key>PixelFormat</key>
			<string>4C353535</string>
			<key>RenderHeight</key>
			<integer>176</integer>
			<key>RenderWidth</key>
			<integer>176</integer>
			<key>RowBytesAlignment</key>
			<integer>16</integer>
			<key>Sizing</key>
			<integer>2</integer>
		</dict>
	</array>
	<key>AppleDRMVersion</key>
	<dict>
		<key>Format</key>
		<integer>2</integer>
		<key>Maximum</key>
		<integer>4</integer>
		<key>Minimum</key>
		<integer>0</integer>
	</dict>
	<key>AudioCodecs</key>
	<dict>
		<key>AAC</key>
		<dict>
			<key>AppleDRM</key>
			<true/>
			<key>LC</key>
			<dict>
				<key>PerceptualNoiseSubsitution</key>
				<true/>
				<key>VariableBitRate</key>
				<true/>
			</dict>
			<key>MaximumSampleRate</key>
			<integer>48000</integer>
		</dict>
		<key>AIFF</key>
		<dict>
			<key>MaximumBitDepth</key>
			<integer>16</integer>
			<key>MaximumSampleRate</key>
			<integer>48000</integer>
			<key>Mono</key>
			<true/>
			<key>Multichannel</key>
			<false/>
			<key>Stereo</key>
			<true/>
		</dict>
		<key>AMR</key>
		<dict>
			<key>Codec</key>
			<string>samr</string>
			<key>MaximumBitDepth</key>
			<integer>16</integer>
			<key>MaximumSampleRate</key>
			<integer>8000</integer>
			<key>Mono</key>
			<true/>
			<key>Multichannel</key>
			<false/>
			<key>Stereo</key>
			<false/>
		</dict>
		<key>AppleLossless</key>
		<dict>
			<key>AppleDRM</key>
			<true/>
			<key>MaximumBitDepth</key>
			<integer>32</integer>
			<key>MaximumBitDepthUntruncated</key>
			<integer>16</integer>
			<key>MaximumSampleRate</key>
			<integer>48000</integer>
			<key>Mono</key>
			<true/>
			<key>Multichannel</key>
			<false/>
			<key>Stereo</key>
			<true/>
		</dict>
		<key>Audible</key>
		<dict>
			<key>AAC</key>
			<true/>
			<key>Type1</key>
			<false/>
			<key>Type2</key>
			<true/>
			<key>Type3</key>
			<true/>
			<key>Type4</key>
			<true/>
		</dict>
		<key>MP3</key>
		<dict>
			<key>MaximumDataRate</key>
			<integer>320</integer>
			<key>MaximumSampleRate</key>
			<integer>48000</integer>
			<key>Mono</key>
			<true/>
			<key>Stereo</key>
			<true/>
		</dict>
		<key>WAV</key>
		<dict>
			<key>MaximumBitDepth</key>
			<integer>16</integer>
			<key>MaximumSampleRate</key>
			<integer>48000</integer>
			<key>Mono</key>
			<true/>
			<key>Multichannel</key>
			<false/>
			<key>Stereo</key>
			<true/>
		</dict>
	</dict>
	<key>BatteryPollInterval</key>
	<integer>60</integer>
	<key>ChapterImageSpecs</key>
	<array>
		<string>3005</string>
		<dict>
			<key>AlignRowBytes</key>
			<true/>
			<key>BackColor</key>
			<string>00000000</string>
			<key>ColorAdjustment</key>
			<integer>0</integer>
			<key>Crop</key>
			<false/>
			<key>FormatId</key>
			<integer>3005</integer>
			<key>GammaAdjustment</key>
			<real>2.2000000000000002</real>
			<key>Interlaced</key>
			<false/>
			<key>OffsetAlignment</key>
			<integer>4096</integer>
			<key>PixelFormat</key>
			<string>4C353535</string>
			<key>RenderHeight</key>
			<integer>320</integer>
			<key>RenderWidth</key>
			<integer>320</integer>
			<key>RowBytesAlignment</key>
			<integer>16</integer>
			<key>Sizing</key>
			<integer>1</integer>
		</dict>
		<string>3006</string>
		<dict>
			<key>AlignRowBytes</key>
			<true/>
			<key>BackColor</key>
			<string>FFFFFFFF</string>
			<key>ColorAdjustment</key>
			<integer>0</integer>
			<key>Crop</key>
			<false/>
			<key>FormatId</key>
			<integer>3006</integer>
			<key>GammaAdjustment</key>
			<real>2.2000000000000002</real>
			<key>Interlaced</key>
			<false/>
			<key>OffsetAlignment</key>
			<integer>4096</integer>
			<key>PixelFormat</key>
			<string>4C353535</string>
			<key>RenderHeight</key>
			<integer>55</integer>
			<key>RenderWidth</key>
			<integer>55</integer>
			<key>RowBytesAlignment</key>
			<integer>16</integer>
			<key>Sizing</key>
			<integer>1</integer>
		</dict>
		<string>3012</string>
		<dict>
			<key>AlignRowBytes</key>
			<true/>
			<key>AssociatedFormat</key>
			<integer>2</integer>
			<key>BackColor</key>
			<string>00000000</string>
			<key>ColorAdjustment</key>
			<integer>0</integer>
			<key>Crop</key>
			<false/>
			<key>FormatId</key>
			<integer>3012</integer>
			<key>GammaAdjustment</key>
			<real>2.2000000000000002</real>
			<key>Interlaced</key>
			<false/>
			<key>OffsetAlignment</key>
			<integer>4096</integer>
			<key>PixelFormat</key>
			<string>4C353535</string>
			<key>RenderHeight</key>
			<integer>63</integer>
			<key>RenderWidth</key>
			<integer>88</integer>
			<key>RowBytesAlignment</key>
			<integer>16</integer>
			<key>Sizing</key>
			<integer>2</integer>
		</dict>
		<string>3013</string>
		<dict>
			<key>BackColor</key>
			<string>FF000000</string>
			<key>ColorAdjustment</key>
			<integer>0</integer>
			<key>Crop</key>
			<false/>
			<key>FormatId</key>
			<integer>3013</integer>
			<key>GammaAdjustment</key>
			<real>2.2000000000000002</real>
			<key>Interlaced</key>
			<false/>
			<key>PixelFormat</key>
			<string>6A706567</string>
			<key>Quality</key>
			<string>00000300</string>
			<key>RenderHeight</key>
			<integer>768</integer>
			<key>RenderWidth</key>
			<integer>768</integer>
			<key>RowBytesAlignment</key>
			<integer>16</integer>
			<key>Sizing</key>
			<integer>1</integer>
		</dict>
		<string>3105</string>
		<dict>
			<key>AlignRowBytes</key>
			<true/>
			<key>BackColor</key>
			<string>00000000</string>
			<key>ColorAdjustment</key>
			<integer>0</integer>
			<key>Crop</key>
			<false/>
			<key>FormatId</key>
			<integer>3105</integer>
			<key>GammaAdjustment</key>
			<real>2.2000000000000002</real>
			<key>Interlaced</key>
			<false/>
			<key>OffsetAlignment</key>
			<integer>4096</integer>
			<key>PixelFormat</key>
			<string>4C353535</string>
			<key>RenderHeight</key>
			<integer>640</integer>
			<key>RenderWidth</key>
			<integer>640</integer>
			<key>RowBytesAlignment</key>
			<integer>16</integer>
			<key>Sizing</key>
			<integer>1</integer>
		</dict>
		<string>3112</string>
		<dict>
			<key>AlignRowBytes</key>
			<true/>
			<key>AssociatedFormat</key>
			<integer>2</integer>
			<key>BackColor</key>
			<string>00000000</string>
			<key>ColorAdjustment</key>
			<integer>0</integer>
			<key>Crop</key>
			<false/>
			<key>FormatId</key>
			<integer>3112</integer>
			<key>GammaAdjustment</key>
			<real>2.2000000000000002</real>
			<key>Interlaced</key>
			<false/>
			<key>OffsetAlignment</key>
			<integer>4096</integer>
			<key>PixelFormat</key>
			<string>4C353535</string>
			<key>RenderHeight</key>
			<integer>126</integer>
			<key>RenderWidth</key>
			<integer>176</integer>
			<key>RowBytesAlignment</key>
			<integer>16</integer>
			<key>Sizing</key>
			<integer>2</integer>
		</dict>
	</array>
	<key>ConnectedBus</key>
	<string>USB</string>
	<key>CustomerRingtones</key>
	<true/>
	<key>DBVersion</key>
	<integer>5</integer>
	<key>FamilyID</key>
	<integer>10001</integer>
	<key>GeniusConfigMaxVersion</key>
	<integer>20</integer>
	<key>GeniusConfigMinVersion</key>
	<integer>1</integer>
	<key>GeniusMetadataMaxVersion</key>
	<integer>20</integer>
	<key>GeniusMetadataMinVersion</key>
	<integer>1</integer>
	<key>GeniusSimilaritiesMaxVersion</key>
	<integer>20</integer>
	<key>GeniusSimilaritiesMinVersion</key>
	<integer>1</integer>
    <key>HomeScreenMaxPages</key>
	<integer>15</integer>
	<key>HomeVideosSupported</key>
	<true/>
	<key>IconFolderColumns</key>
	<integer>3</integer>
	<key>IconFolderMaxPages</key>
	<integer>15</integer>
	<key>IconFolderRows</key>
	<integer>3</integer>
	<key>IconStateSaves</key>
	<true/>
	<key>ImageSpecifications</key>
	<array>
		<string>901</string>
		<dict>
			<key>AlignRowBytes</key>
			<true/>
			<key>BackColor</key>
			<string>FFFFFFFF</string>
			<key>ColorAdjustment</key>
			<integer>0</integer>
			<key>Crop</key>
			<true/>
			<key>DisableGammaAdjustment</key>
			<true/>
			<key>FormatId</key>
			<integer>901</integer>
			<key>GammaAdjustment</key>
			<real>2.2000000000000002</real>
			<key>Interlaced</key>
			<false/>
			<key>IsFaceAlbumSpecification</key>
			<true/>
			<key>PixelFormat</key>
			<string>4C353535</string>
			<key>RenderHeight</key>
			<integer>132</integer>
			<key>RenderWidth</key>
			<integer>132</integer>
			<key>RowBytesAlignment</key>
			<integer>16</integer>
		</dict>
		<string>3041</string>
		<dict>
			<key>AlignRowBytes</key>
			<true/>
			<key>BackColor</key>
			<string>FFFFFFFF</string>
			<key>BorderColor</key>
			<string>26000000</string>
			<key>BorderWidth</key>
			<integer>1</integer>
			<key>BottomInset</key>
			<integer>4</integer>
			<key>ColorAdjustment</key>
			<integer>0</integer>
			<key>Crop</key>
			<true/>
			<key>DisableGammaAdjustment</key>
			<true/>
			<key>FormatId</key>
			<integer>3041</integer>
			<key>GammaAdjustment</key>
			<real>2.2000000000000002</real>
			<key>Interlaced</key>
			<false/>
			<key>PixelFormat</key>
			<string>4C353535</string>
			<key>RenderHeight</key>
			<integer>79</integer>
			<key>RenderWidth</key>
			<integer>79</integer>
			<key>RightInset</key>
			<integer>4</integer>
			<key>RowBytesAlignment</key>
			<integer>16</integer>
		</dict>
		<string>3141</string>
		<dict>
			<key>AlignRowBytes</key>
			<true/>
			<key>BackColor</key>
			<string>FFFFFFFF</string>
			<key>BorderColor</key>
			<string>26000000</string>
			<key>BorderWidth</key>
			<integer>1</integer>
			<key>BottomInset</key>
			<integer>8</integer>
			<key>ColorAdjustment</key>
			<integer>0</integer>
			<key>Crop</key>
			<true/>
			<key>DisableGammaAdjustment</key>
			<true/>
			<key>FormatId</key>
			<integer>3141</integer>
			<key>GammaAdjustment</key>
			<real>2.2000000000000002</real>
			<key>Interlaced</key>
			<false/>
			<key>PixelFormat</key>
			<string>4C353535</string>
			<key>RenderHeight</key>
			<integer>158</integer>
			<key>RenderWidth</key>
			<integer>158</integer>
			<key>RightInset</key>
			<integer>8</integer>
			<key>RowBytesAlignment</key>
			<integer>16</integer>
		</dict>
		<string>4040</string>
		<dict>
			<key>AlignRowBytes</key>
			<true/>
			<key>BackColor</key>
			<string>FFFFFFFF</string>
			<key>ColorAdjustment</key>
			<integer>0</integer>
			<key>Crop</key>
			<false/>
			<key>DisableGammaAdjustment</key>
			<true/>
			<key>FormatId</key>
			<integer>4040</integer>
			<key>GammaAdjustment</key>
			<real>2.2000000000000002</real>
			<key>Interlaced</key>
			<false/>
			<key>PixelFormat</key>
			<string>4C353535</string>
			<key>RenderHeight</key>
			<integer>166</integer>
			<key>RenderWidth</key>
			<integer>166</integer>
			<key>RowBytesAlignment</key>
			<integer>16</integer>
		</dict>
		<string>4140</string>
		<dict>
			<key>AlignRowBytes</key>
			<true/>
			<key>BackColor</key>
			<string>FFFFFFFF</string>
			<key>ColorAdjustment</key>
			<integer>0</integer>
			<key>Crop</key>
			<false/>
			<key>DisableGammaAdjustment</key>
			<true/>
			<key>FormatId</key>
			<integer>4140</integer>
			<key>GammaAdjustment</key>
			<real>2.2000000000000002</real>
			<key>Interlaced</key>
			<false/>
			<key>PixelFormat</key>
			<string>4C353535</string>
			<key>RenderHeight</key>
			<integer>332</integer>
			<key>RenderWidth</key>
			<integer>332</integer>
			<key>RowBytesAlignment</key>
			<integer>16</integer>
		</dict>
		<string>4031</string>
		<dict>
			<key>AlignRowBytes</key>
			<true/>
			<key>BackColor</key>
			<string>FFFFFFFF</string>
			<key>ColorAdjustment</key>
			<integer>0</integer>
			<key>Crop</key>
			<false/>
			<key>DisableGammaAdjustment</key>
			<true/>
			<key>FormatId</key>
			<integer>4031</integer>
			<key>GammaAdjustment</key>
			<real>2.2000000000000002</real>
			<key>Interlaced</key>
			<false/>
			<key>PixelFormat</key>
			<string>4C353535</string>
			<key>RenderHeight</key>
			<integer>120</integer>
			<key>RenderWidth</key>
			<integer>120</integer>
			<key>RowBytesAlignment</key>
			<integer>16</integer>
		</dict>
		<string>4131</string>
		<dict>
			<key>AlignRowBytes</key>
			<true/>
			<key>BackColor</key>
			<string>FFFFFFFF</string>
			<key>ColorAdjustment</key>
			<integer>0</integer>
			<key>Crop</key>
			<false/>
			<key>DisableGammaAdjustment</key>
			<true/>
			<key>FormatId</key>
			<integer>4131</integer>
			<key>GammaAdjustment</key>
			<real>2.2000000000000002</real>
			<key>Interlaced</key>
			<false/>
			<key>PixelFormat</key>
			<string>4C353535</string>
			<key>RenderHeight</key>
			<integer>240</integer>
			<key>RenderWidth</key>
			<integer>240</integer>
			<key>RowBytesAlignment</key>
			<integer>16</integer>
		</dict>
		<string>4032</string>
		<dict>
			<key>AlignRowBytes</key>
			<true/>
			<key>BackColor</key>
			<string>FFFFFFFF</string>
			<key>ColorAdjustment</key>
			<integer>0</integer>
			<key>Crop</key>
			<false/>
			<key>DisableGammaAdjustment</key>
			<true/>
			<key>FormatId</key>
			<integer>4032</integer>
			<key>GammaAdjustment</key>
			<real>2.2000000000000002</real>
			<key>Interlaced</key>
			<false/>
			<key>PixelFormat</key>
			<string>4C353535</string>
			<key>RenderHeight</key>
			<integer>32</integer>
			<key>RenderWidth</key>
			<integer>32</integer>
			<key>RowBytesAlignment</key>
			<integer>16</integer>
			<key>Sizing</key>
			<integer>1</integer>
		</dict>
		<string>4132</string>
		<dict>
			<key>AlignRowBytes</key>
			<true/>
			<key>BackColor</key>
			<string>FFFFFFFF</string>
			<key>ColorAdjustment</key>
			<integer>0</integer>
			<key>Crop</key>
			<false/>
			<key>DisableGammaAdjustment</key>
			<true/>
			<key>FormatId</key>
			<integer>4132</integer>
			<key>GammaAdjustment</key>
			<real>2.2000000000000002</real>
			<key>Interlaced</key>
			<false/>
			<key>PixelFormat</key>
			<string>4C353535</string>
			<key>RenderHeight</key>
			<integer>64</integer>
			<key>RenderWidth</key>
			<integer>64</integer>
			<key>RowBytesAlignment</key>
			<integer>16</integer>
			<key>Sizing</key>
			<integer>1</integer>
		</dict>
		<string>4037</string>
		<dict>
			<key>BackColor</key>
			<string>FFFFFFFF</string>
			<key>ColorAdjustment</key>
			<integer>0</integer>
			<key>Crop</key>
			<false/>
			<key>DisableGammaAdjustment</key>
			<true/>
			<key>FormatId</key>
			<integer>4037</integer>
			<key>GammaAdjustment</key>
			<real>2.2000000000000002</real>
			<key>Interlaced</key>
			<false/>
			<key>MaxLarge</key>
			<integer>8192</integer>
			<key>MinimumSize</key>
			<integer>3072</integer>
			<key>OriginalHeight</key>
			<integer>3072</integer>
			<key>OriginalWidth</key>
			<integer>3072</integer>
			<key>PixelFormat</key>
			<string>6A706567</string>
			<key>PreferredLarge</key>
			<integer>4096</integer>
			<key>Quality</key>
			<string>00000300</string>
			<key>RenderHeight</key>
			<integer>3072</integer>
			<key>RenderWidth</key>
			<integer>3072</integer>
			<key>RoundingFactor</key>
			<integer>2</integer>
			<key>RowBytesAlignment</key>
			<integer>16</integer>
			<key>SeparateFile</key>
			<true/>
			<key>Sizing</key>
			<integer>1</integer>
		</dict>
		<string>4035</string>
		<dict>
			<key>BackColor</key>
			<string>FFFFFFFF</string>
			<key>ColorAdjustment</key>
			<integer>0</integer>
			<key>Crop</key>
			<false/>
			<key>DisableGammaAdjustment</key>
			<true/>
			<key>FormatId</key>
			<integer>4035</integer>
			<key>GammaAdjustment</key>
			<real>2.2000000000000002</real>
			<key>Interlaced</key>
			<false/>
			<key>MaxLarge</key>
			<integer>4096</integer>
			<key>MinimumSize</key>
			<integer>1536</integer>
			<key>OriginalHeight</key>
			<integer>1536</integer>
			<key>OriginalWidth</key>
			<integer>1536</integer>
			<key>PixelFormat</key>
			<string>6A706567</string>
			<key>PreferredLarge</key>
			<integer>2048</integer>
			<key>Quality</key>
			<string>00000300</string>
			<key>RenderHeight</key>
			<integer>1536</integer>
			<key>RenderWidth</key>
			<integer>1536</integer>
			<key>RoundingFactor</key>
			<integer>2</integer>
			<key>RowBytesAlignment</key>
			<integer>16</integer>
			<key>SeparateFile</key>
			<true/>
			<key>Sizing</key>
			<integer>1</integer>
		</dict>
		<string>4036</string>
		<dict>
			<key>BackColor</key>
			<string>FFFFFFFF</string>
			<key>ColorAdjustment</key>
			<integer>0</integer>
			<key>Crop</key>
			<false/>
			<key>DisableGammaAdjustment</key>
			<true/>
			<key>FormatId</key>
			<integer>4036</integer>
			<key>GammaAdjustment</key>
			<real>2.2000000000000002</real>
			<key>Interlaced</key>
			<false/>
			<key>MaxLarge</key>
			<integer>2048</integer>
			<key>MinimumSize</key>
			<integer>768</integer>
			<key>OriginalHeight</key>
			<integer>768</integer>
			<key>OriginalWidth</key>
			<integer>768</integer>
			<key>PixelFormat</key>
			<string>6A706567</string>
			<key>PreferredLarge</key>
			<integer>1024</integer>
			<key>Quality</key>
			<string>00000300</string>
			<key>RenderHeight</key>
			<integer>768</integer>
			<key>RenderWidth</key>
			<integer>768</integer>
			<key>RoundingFactor</key>
			<integer>2</integer>
			<key>RowBytesAlignment</key>
			<integer>16</integer>
			<key>SeparateFile</key>
			<true/>
			<key>Sizing</key>
			<integer>1</integer>
		</dict>
	</array>
	<key>MinMacOSVersion</key>
	<string>10.5.8</string>
	<key>NeedsAntiPhishingDB</key>
	<true/>
	<key>OEMA</key>
	<integer>1</integer>
	<key>OEMID</key>
	<integer>0</integer>
	<key>PhotoEventsSupported</key>
	<true/>
	<key>PhotoFacesSupported</key>
	<true/>
	<key>PhotoVideosSupported</key>
	<true/>
	<key>PlaylistFoldersSupported</key>
	<true/>
	<key>PodcastsSupported</key>
	<true/>
	<key>RentalsSupported</key>
	<true/>
	<key>SupportsAccessibility</key>
	<true/>
	<key>SupportsAirTraffic</key>
	<true/>
	<key>SupportsAlertTones</key>
	<true/>
	<key>SupportsAntiPhishing</key>
	<true/>
	<key>SupportsApplicationInstall</key>
	<true/>
	<key>SupportsConfigurationBlobs</key>
	<true/>
	<key>SupportsDownloadedPodcasts</key>
	<true/>
	<key>SupportsGenius</key>
	<true/>
	<key>SupportsGeniusMixes</key>
	<true/>
	<key>SupportsProvisioningBlobs</key>
	<true/>
	<key>SyncDataClasses</key>
	<array>
		<string>Contacts</string>
		<string>Calendars</string>
		<string>Bookmarks</string>
		<string>Mail Accounts</string>
		<string>Notes</string>
	</array>
	<key>TVShowRentalsSupported</key>
	<true/>
	<key>UseVoiceMemosFolder</key>
	<true/>
	<key>VideoCodecs</key>
	<dict>
		<key>H.263</key>
		<dict>
			<key>AudioCodecs</key>
			<dict>
				<key>AMR</key>
				<dict>
					<key>Codec</key>
					<string>samr</string>
				</dict>
			</dict>
			<key>Codec</key>
			<string>h263</string>
			<key>Level</key>
			<integer>45</integer>
			<key>MaximumHeight</key>
			<integer>144</integer>
			<key>MaximumResolution</key>
			<integer>25344</integer>
			<key>MaximumWidth</key>
			<integer>176</integer>
			<key>MinimumHeight</key>
			<integer>16</integer>
			<key>MinimumWidth</key>
			<integer>16</integer>
			<key>NumericProfile</key>
			<integer>0</integer>
			<key>xMaximumPixelsPerSecond</key>
			<integer>633600</integer>
		</dict>
		<key>H.264H</key>
		<dict>
			<key>AppleVideoDRM</key>
			<dict>
				<key>MaximumEncryptionPercentage</key>
				<integer>100</integer>
			</dict>
			<key>AudioCodecs</key>
			<dict>
				<key>AAC</key>
				<dict>
					<key>AppleDRM</key>
					<true/>
					<key>LC</key>
					<dict>
						<key>Multichannel</key>
						<false/>
						<key>VariableBitRate</key>
						<true/>
					</dict>
					<key>MaximumBitRate</key>
					<integer>256</integer>
					<key>MaximumSampleRate</key>
					<integer>48000</integer>
				</dict>
				<key>PCM</key>
				<dict>
					<key>Codec</key>
					<string>pcm </string>
					<key>MaximumBitDepth</key>
					<integer>16</integer>
					<key>MaximumSampleRate</key>
					<integer>48000</integer>
					<key>Mono</key>
					<true/>
					<key>Multichannel</key>
					<false/>
					<key>Stereo</key>
					<true/>
				</dict>
			</dict>
			<key>Codec</key>
			<string>avc1</string>
			<key>Level</key>
			<integer>41</integer>
			<key>MaximumHeight</key>
			<integer>1920</integer>
			<key>MaximumPixelsPerSecond</key>
			<integer>65318400</integer>
			<key>MaximumResolution</key>
			<integer>2088960</integer>
			<key>MaximumWidth</key>
			<integer>1920</integer>
			<key>MinimumHeight</key>
			<integer>32</integer>
			<key>MinimumWidth</key>
			<integer>32</integer>
			<key>NumericProfile</key>
			<integer>100</integer>
			<key>SupportsBFrames</key>
			<true/>
		</dict>
		<key>H.264H_HDVideo42</key>
		<dict>
			<key>AppleVideoDRM</key>
			<dict>
				<key>MaximumEncryptionPercentage</key>
				<integer>100</integer>
			</dict>
			<key>AudioCodecs</key>
			<dict>
				<key>AAC</key>
				<dict>
					<key>AppleDRM</key>
					<true/>
					<key>LC</key>
					<dict>
						<key>Multichannel</key>
						<false/>
						<key>VariableBitRate</key>
						<true/>
					</dict>
					<key>MaximumBitRate</key>
					<integer>256</integer>
					<key>MaximumSampleRate</key>
					<integer>48000</integer>
				</dict>
				<key>PCM</key>
				<dict>
					<key>Codec</key>
					<string>pcm </string>
					<key>MaximumBitDepth</key>
					<integer>16</integer>
					<key>MaximumSampleRate</key>
					<integer>48000</integer>
					<key>Mono</key>
					<true/>
					<key>Multichannel</key>
					<false/>
					<key>Stereo</key>
					<true/>
				</dict>
			</dict>
			<key>Codec</key>
			<string>avc1</string>
			<key>Level</key>
			<integer>42</integer>
			<key>MaximumHeight</key>
			<integer>1920</integer>
			<key>MaximumPixelsPerSecond</key>
			<integer>130636800</integer>
			<key>MaximumResolution</key>
			<integer>2088960</integer>
			<key>MaximumWidth</key>
			<integer>1920</integer>
			<key>MinimumHeight</key>
			<integer>32</integer>
			<key>MinimumWidth</key>
			<integer>32</integer>
			<key>NumericProfile</key>
			<integer>100</integer>
			<key>SupportsBFrames</key>
			<true/>
		</dict>
		<key>H.264H_UHDVideo</key>
		<dict>
			<key>AppleVideoDRM</key>
			<dict>
				<key>MaximumEncryptionPercentage</key>
				<integer>100</integer>
			</dict>
			<key>AudioCodecs</key>
			<dict>
				<key>AAC</key>
				<dict>
					<key>AppleDRM</key>
					<true/>
					<key>LC</key>
					<dict>
						<key>Multichannel</key>
						<false/>
						<key>VariableBitRate</key>
						<true/>
					</dict>
					<key>MaximumBitRate</key>
					<integer>256</integer>
					<key>MaximumSampleRate</key>
					<integer>48000</integer>
				</dict>
				<key>PCM</key>
				<dict>
					<key>Codec</key>
					<string>pcm </string>
					<key>MaximumBitDepth</key>
					<integer>16</integer>
					<key>MaximumSampleRate</key>
					<integer>48000</integer>
					<key>Mono</key>
					<true/>
					<key>Multichannel</key>
					<false/>
					<key>Stereo</key>
					<true/>
				</dict>
			</dict>
			<key>Codec</key>
			<string>avc1</string>
			<key>Level</key>
			<integer>51</integer>
			<key>MaximumBitrate</key>
			<integer>100000000</integer>
			<key>MaximumHeight</key>
			<integer>3840</integer>
			<key>MaximumPixelsPerSecond</key>
			<integer>130636800</integer>
			<key>MaximumResolution</key>
			<integer>8294400</integer>
			<key>MaximumWidth</key>
			<integer>3840</integer>
			<key>MinimumHeight</key>
			<integer>32</integer>
			<key>MinimumWidth</key>
			<integer>32</integer>
			<key>NumericProfile</key>
			<integer>100</integer>
			<key>SupportsBFrames</key>
			<true/>
		</dict>
		<key>H.264H_UHDVideo2</key>
		<dict>
			<key>AppleVideoDRM</key>
			<dict>
				<key>MaximumEncryptionPercentage</key>
				<integer>100</integer>
			</dict>
			<key>AudioCodecs</key>
			<dict>
				<key>AAC</key>
				<dict>
					<key>AppleDRM</key>
					<true/>
					<key>LC</key>
					<dict>
						<key>Multichannel</key>
						<false/>
						<key>VariableBitRate</key>
						<true/>
					</dict>
					<key>MaximumBitRate</key>
					<integer>256</integer>
					<key>MaximumSampleRate</key>
					<integer>48000</integer>
				</dict>
				<key>PCM</key>
				<dict>
					<key>Codec</key>
					<string>pcm </string>
					<key>MaximumBitDepth</key>
					<integer>16</integer>
					<key>MaximumSampleRate</key>
					<integer>48000</integer>
					<key>Mono</key>
					<true/>
					<key>Multichannel</key>
					<false/>
					<key>Stereo</key>
					<true/>
				</dict>
			</dict>
			<key>Codec</key>
			<string>avc1</string>
			<key>Level</key>
			<integer>51</integer>
			<key>MaximumBitrate</key>
			<integer>230000000</integer>
			<key>MaximumHeight</key>
			<integer>3840</integer>
			<key>MaximumPixelsPerSecond</key>
			<integer>261273600</integer>
			<key>MaximumResolution</key>
			<integer>8294400</integer>
			<key>MaximumWidth</key>
			<integer>3840</integer>
			<key>MinimumHeight</key>
			<integer>32</integer>
			<key>MinimumWidth</key>
			<integer>32</integer>
			<key>NumericProfile</key>
			<integer>100</integer>
			<key>SupportsBFrames</key>
			<true/>
		</dict>
		<key>H.264LC</key>
		<dict>
			<key>AppleVideoDRM</key>
			<dict>
				<key>MaximumEncryptionPercentage</key>
				<integer>100</integer>
			</dict>
			<key>AudioCodecs</key>
			<dict>
				<key>AAC</key>
				<dict>
					<key>AppleDRM</key>
					<true/>
					<key>LC</key>
					<dict>
						<key>Multichannel</key>
						<false/>
						<key>VariableBitRate</key>
						<true/>
					</dict>
					<key>MaximumBitRate</key>
					<integer>256</integer>
					<key>MaximumSampleRate</key>
					<integer>48000</integer>
				</dict>
				<key>PCM</key>
				<dict>
					<key>Codec</key>
					<string>pcm </string>
					<key>MaximumBitDepth</key>
					<integer>16</integer>
					<key>MaximumSampleRate</key>
					<integer>48000</integer>
					<key>Mono</key>
					<true/>
					<key>Multichannel</key>
					<false/>
					<key>Stereo</key>
					<true/>
				</dict>
			</dict>
			<key>ComplexityLevel</key>
			<integer>1</integer>
			<key>Level</key>
			<integer>41</integer>
			<key>MaximumHeight</key>
			<integer>1280</integer>
			<key>MaximumResolution</key>
			<integer>921600</integer>
			<key>MaximumWidth</key>
			<integer>1280</integer>
			<key>MinimumHeight</key>
			<integer>32</integer>
			<key>MinimumWidth</key>
			<integer>32</integer>
			<key>Profile</key>
			<string>B</string>
		</dict>
		<key>H.264M</key>
		<dict>
			<key>AppleVideoDRM</key>
			<dict>
				<key>MaximumEncryptionPercentage</key>
				<integer>100</integer>
			</dict>
			<key>AudioCodecs</key>
			<dict>
				<key>AAC</key>
				<dict>
					<key>AppleDRM</key>
					<true/>
					<key>LC</key>
					<dict>
						<key>Multichannel</key>
						<false/>
						<key>VariableBitRate</key>
						<true/>
					</dict>
					<key>MaximumBitRate</key>
					<integer>256</integer>
					<key>MaximumSampleRate</key>
					<integer>48000</integer>
				</dict>
				<key>PCM</key>
				<dict>
					<key>Codec</key>
					<string>pcm </string>
					<key>MaximumBitDepth</key>
					<integer>16</integer>
					<key>MaximumSampleRate</key>
					<integer>48000</integer>
					<key>Mono</key>
					<true/>
					<key>Multichannel</key>
					<false/>
					<key>Stereo</key>
					<true/>
				</dict>
			</dict>
			<key>Codec</key>
			<string>avc1</string>
			<key>Level</key>
			<integer>41</integer>
			<key>MaximumHeight</key>
			<integer>1920</integer>
			<key>MaximumPixelsPerSecond</key>
			<integer>65318400</integer>
			<key>MaximumResolution</key>
			<integer>2088960</integer>
			<key>MaximumWidth</key>
			<integer>1920</integer>
			<key>MinimumHeight</key>
			<integer>32</integer>
			<key>MinimumWidth</key>
			<integer>32</integer>
			<key>Profile</key>
			<string>M</string>
			<key>SupportsBFrames</key>
			<true/>
		</dict>
		<key>H.264M_HDVideo42</key>
		<dict>
			<key>AppleVideoDRM</key>
			<dict>
				<key>MaximumEncryptionPercentage</key>
				<integer>100</integer>
			</dict>
			<key>AudioCodecs</key>
			<dict>
				<key>AAC</key>
				<dict>
					<key>AppleDRM</key>
					<true/>
					<key>LC</key>
					<dict>
						<key>Multichannel</key>
						<false/>
						<key>VariableBitRate</key>
						<true/>
					</dict>
					<key>MaximumBitRate</key>
					<integer>256</integer>
					<key>MaximumSampleRate</key>
					<integer>48000</integer>
				</dict>
				<key>PCM</key>
				<dict>
					<key>Codec</key>
					<string>pcm </string>
					<key>MaximumBitDepth</key>
					<integer>16</integer>
					<key>MaximumSampleRate</key>
					<integer>48000</integer>
					<key>Mono</key>
					<true/>
					<key>Multichannel</key>
					<false/>
					<key>Stereo</key>
					<true/>
				</dict>
			</dict>
			<key>Codec</key>
			<string>avc1</string>
			<key>Level</key>
			<integer>42</integer>
			<key>MaximumHeight</key>
			<integer>1920</integer>
			<key>MaximumPixelsPerSecond</key>
			<integer>130636800</integer>
			<key>MaximumResolution</key>
			<integer>2088960</integer>
			<key>MaximumWidth</key>
			<integer>1920</integer>
			<key>MinimumHeight</key>
			<integer>32</integer>
			<key>MinimumWidth</key>
			<integer>32</integer>
			<key>Profile</key>
			<string>M</string>
			<key>SupportsBFrames</key>
			<true/>
		</dict>
		<key>H.264M_UHDVideo</key>
		<dict>
			<key>AppleVideoDRM</key>
			<dict>
				<key>MaximumEncryptionPercentage</key>
				<integer>100</integer>
			</dict>
			<key>AudioCodecs</key>
			<dict>
				<key>AAC</key>
				<dict>
					<key>AppleDRM</key>
					<true/>
					<key>LC</key>
					<dict>
						<key>Multichannel</key>
						<false/>
						<key>VariableBitRate</key>
						<true/>
					</dict>
					<key>MaximumBitRate</key>
					<integer>256</integer>
					<key>MaximumSampleRate</key>
					<integer>48000</integer>
				</dict>
				<key>PCM</key>
				<dict>
					<key>Codec</key>
					<string>pcm </string>
					<key>MaximumBitDepth</key>
					<integer>16</integer>
					<key>MaximumSampleRate</key>
					<integer>48000</integer>
					<key>Mono</key>
					<true/>
					<key>Multichannel</key>
					<false/>
					<key>Stereo</key>
					<true/>
				</dict>
			</dict>
			<key>Codec</key>
			<string>avc1</string>
			<key>Level</key>
			<integer>51</integer>
			<key>MaximumBitrate</key>
			<integer>100000000</integer>
			<key>MaximumHeight</key>
			<integer>3840</integer>
			<key>MaximumPixelsPerSecond</key>
			<integer>130636800</integer>
			<key>MaximumResolution</key>
			<integer>8294400</integer>
			<key>MaximumWidth</key>
			<integer>3840</integer>
			<key>MinimumHeight</key>
			<integer>32</integer>
			<key>MinimumWidth</key>
			<integer>32</integer>
			<key>Profile</key>
			<string>M</string>
			<key>SupportsBFrames</key>
			<true/>
		</dict>
		<key>H.264M_UHDVideo2</key>
		<dict>
			<key>AppleVideoDRM</key>
			<dict>
				<key>MaximumEncryptionPercentage</key>
				<integer>100</integer>
			</dict>
			<key>AudioCodecs</key>
			<dict>
				<key>AAC</key>
				<dict>
					<key>AppleDRM</key>
					<true/>
					<key>LC</key>
					<dict>
						<key>Multichannel</key>
						<false/>
						<key>VariableBitRate</key>
						<true/>
					</dict>
					<key>MaximumBitRate</key>
					<integer>256</integer>
					<key>MaximumSampleRate</key>
					<integer>48000</integer>
				</dict>
				<key>PCM</key>
				<dict>
					<key>Codec</key>
					<string>pcm </string>
					<key>MaximumBitDepth</key>
					<integer>16</integer>
					<key>MaximumSampleRate</key>
					<integer>48000</integer>
					<key>Mono</key>
					<true/>
					<key>Multichannel</key>
					<false/>
					<key>Stereo</key>
					<true/>
				</dict>
			</dict>
			<key>Codec</key>
			<string>avc1</string>
			<key>Level</key>
			<integer>51</integer>
			<key>MaximumBitrate</key>
			<integer>230000000</integer>
			<key>MaximumHeight</key>
			<integer>3840</integer>
			<key>MaximumPixelsPerSecond</key>
			<integer>261273600</integer>
			<key>MaximumResolution</key>
			<integer>8294400</integer>
			<key>MaximumWidth</key>
			<integer>3840</integer>
			<key>MinimumHeight</key>
			<integer>32</integer>
			<key>MinimumWidth</key>
			<integer>32</integer>
			<key>Profile</key>
			<string>M</string>
			<key>SupportsBFrames</key>
			<true/>
		</dict>
		<key>H.264</key>
		<dict>
			<key>AppleVideoDRM</key>
			<dict>
				<key>MaximumEncryptionPercentage</key>
				<integer>100</integer>
			</dict>
			<key>AudioCodecs</key>
			<dict>
				<key>AAC</key>
				<dict>
					<key>AppleDRM</key>
					<true/>
					<key>LC</key>
					<dict>
						<key>Multichannel</key>
						<false/>
						<key>VariableBitRate</key>
						<true/>
					</dict>
					<key>MaximumBitRate</key>
					<integer>256</integer>
					<key>MaximumSampleRate</key>
					<integer>48000</integer>
				</dict>
				<key>PCM</key>
				<dict>
					<key>Codec</key>
					<string>pcm </string>
					<key>MaximumBitDepth</key>
					<integer>16</integer>
					<key>MaximumSampleRate</key>
					<integer>48000</integer>
					<key>Mono</key>
					<true/>
					<key>Multichannel</key>
					<false/>
					<key>Stereo</key>
					<true/>
				</dict>
			</dict>
			<key>Level</key>
			<integer>41</integer>
			<key>MaximumHeight</key>
			<integer>1920</integer>
			<key>MaximumPixelsPerSecond</key>
			<integer>65318400</integer>
			<key>MaximumResolution</key>
			<integer>2088960</integer>
			<key>MaximumWidth</key>
			<integer>1920</integer>
			<key>MinimumHeight</key>
			<integer>32</integer>
			<key>MinimumWidth</key>
			<integer>32</integer>
			<key>Profile</key>
			<string>B</string>
		</dict>
		<key>H.264_HDVideo42</key>
		<dict>
			<key>AppleVideoDRM</key>
			<dict>
				<key>MaximumEncryptionPercentage</key>
				<integer>100</integer>
			</dict>
			<key>AudioCodecs</key>
			<dict>
				<key>AAC</key>
				<dict>
					<key>AppleDRM</key>
					<true/>
					<key>LC</key>
					<dict>
						<key>Multichannel</key>
						<false/>
						<key>VariableBitRate</key>
						<true/>
					</dict>
					<key>MaximumBitRate</key>
					<integer>256</integer>
					<key>MaximumSampleRate</key>
					<integer>48000</integer>
				</dict>
				<key>PCM</key>
				<dict>
					<key>Codec</key>
					<string>pcm </string>
					<key>MaximumBitDepth</key>
					<integer>16</integer>
					<key>MaximumSampleRate</key>
					<integer>48000</integer>
					<key>Mono</key>
					<true/>
					<key>Multichannel</key>
					<false/>
					<key>Stereo</key>
					<true/>
				</dict>
			</dict>
			<key>Level</key>
			<integer>42</integer>
			<key>MaximumHeight</key>
			<integer>1920</integer>
			<key>MaximumPixelsPerSecond</key>
			<integer>130636800</integer>
			<key>MaximumResolution</key>
			<integer>2088960</integer>
			<key>MaximumWidth</key>
			<integer>1920</integer>
			<key>MinimumHeight</key>
			<integer>32</integer>
			<key>MinimumWidth</key>
			<integer>32</integer>
			<key>Profile</key>
			<string>B</string>
		</dict>
		<key>H.264_UHDVideo</key>
		<dict>
			<key>AppleVideoDRM</key>
			<dict>
				<key>MaximumEncryptionPercentage</key>
				<integer>100</integer>
			</dict>
			<key>AudioCodecs</key>
			<dict>
				<key>AAC</key>
				<dict>
					<key>AppleDRM</key>
					<true/>
					<key>LC</key>
					<dict>
						<key>Multichannel</key>
						<false/>
						<key>VariableBitRate</key>
						<true/>
					</dict>
					<key>MaximumBitRate</key>
					<integer>256</integer>
					<key>MaximumSampleRate</key>
					<integer>48000</integer>
				</dict>
				<key>PCM</key>
				<dict>
					<key>Codec</key>
					<string>pcm </string>
					<key>MaximumBitDepth</key>
					<integer>16</integer>
					<key>MaximumSampleRate</key>
					<integer>48000</integer>
					<key>Mono</key>
					<true/>
					<key>Multichannel</key>
					<false/>
					<key>Stereo</key>
					<true/>
				</dict>
			</dict>
			<key>Level</key>
			<integer>51</integer>
			<key>MaximumBitrate</key>
			<integer>135000000</integer>
			<key>MaximumHeight</key>
			<integer>3840</integer>
			<key>MaximumPixelsPerSecond</key>
			<integer>130636800</integer>
			<key>MaximumResolution</key>
			<integer>8294400</integer>
			<key>MaximumWidth</key>
			<integer>3840</integer>
			<key>MinimumHeight</key>
			<integer>32</integer>
			<key>MinimumWidth</key>
			<integer>32</integer>
			<key>Profile</key>
			<string>B</string>
		</dict>
		<key>H.264_UHDVideo2</key>
		<dict>
			<key>AppleVideoDRM</key>
			<dict>
				<key>MaximumEncryptionPercentage</key>
				<integer>100</integer>
			</dict>
			<key>AudioCodecs</key>
			<dict>
				<key>AAC</key>
				<dict>
					<key>AppleDRM</key>
					<true/>
					<key>LC</key>
					<dict>
						<key>Multichannel</key>
						<false/>
						<key>VariableBitRate</key>
						<true/>
					</dict>
					<key>MaximumBitRate</key>
					<integer>256</integer>
					<key>MaximumSampleRate</key>
					<integer>48000</integer>
				</dict>
				<key>PCM</key>
				<dict>
					<key>Codec</key>
					<string>pcm </string>
					<key>MaximumBitDepth</key>
					<integer>16</integer>
					<key>MaximumSampleRate</key>
					<integer>48000</integer>
					<key>Mono</key>
					<true/>
					<key>Multichannel</key>
					<false/>
					<key>Stereo</key>
					<true/>
				</dict>
			</dict>
			<key>Level</key>
			<integer>51</integer>
			<key>MaximumBitrate</key>
			<integer>240000000</integer>
			<key>MaximumHeight</key>
			<integer>3840</integer>
			<key>MaximumPixelsPerSecond</key>
			<integer>261273600</integer>
			<key>MaximumResolution</key>
			<integer>8294400</integer>
			<key>MaximumWidth</key>
			<integer>3840</integer>
			<key>MinimumHeight</key>
			<integer>32</integer>
			<key>MinimumWidth</key>
			<integer>32</integer>
			<key>Profile</key>
			<string>B</string>
		</dict>
		<key>MPEG4</key>
		<dict>
			<key>AudioCodecs</key>
			<dict>
				<key>AAC</key>
				<dict>
					<key>AppleDRM</key>
					<true/>
					<key>LC</key>
					<dict>
						<key>Multichannel</key>
						<false/>
						<key>VariableBitRate</key>
						<true/>
					</dict>
					<key>MaximumBitRate</key>
					<integer>256</integer>
					<key>MaximumSampleRate</key>
					<integer>48000</integer>
				</dict>
				<key>PCM</key>
				<dict>
					<key>Codec</key>
					<string>pcm </string>
					<key>MaximumBitDepth</key>
					<integer>16</integer>
					<key>MaximumSampleRate</key>
					<integer>48000</integer>
					<key>Mono</key>
					<true/>
					<key>Multichannel</key>
					<false/>
					<key>Stereo</key>
					<true/>
				</dict>
			</dict>
			<key>MaximumAverageBitRate</key>
			<integer>5000</integer>
			<key>MaximumHeight</key>
			<integer>576</integer>
			<key>MaximumResolution</key>
			<integer>307200</integer>
			<key>MaximumWidth</key>
			<integer>720</integer>
			<key>MinimumHeight</key>
			<integer>16</integer>
			<key>MinimumWidth</key>
			<integer>16</integer>
			<key>Profile-Level-ID</key>
			<integer>3</integer>
		</dict>
	</dict>
	<key>VideoPlaylistsSupported</key>
	<true/>
	<key>VoiceMemoFormats</key>
	<dict>
		<key>AAC</key>
		<dict>
			<key>MaximumSampleRate</key>
			<integer>44100</integer>
		</dict>
		<key>AIFF</key>
		<dict>
			<key>MaximumSampleRate</key>
			<integer>44100</integer>
		</dict>
		<key>AppleLossless</key>
		<dict>
			<key>MaximumSampleRate</key>
			<integer>44100</integer>
		</dict>
		<key>WAV</key>
		<dict>
			<key>MaximumSampleRate</key>
			<integer>44100</integer>
		</dict>
	</dict>
	<key>VoiceMemosSupported</key>
	<true/>
	<key>iPhoneCheckpointVersion</key>
	<integer>1</integer>
	<key>iTunesStoreCapable</key>
	<true/>
	<key>iTunesUSupported</key>
	<true/>
</dict>
</plist>
